Unnamed: 0,بسم الله الرحمن الرحيم,Unnamed: 2,Unnamed: 3,Unnamed: 4,Unnamed: 5,Unnamed: 6,Unnamed: 7,Unnamed: 8,Unnamed: 9,Unnamed: 10,Unnamed: 11
,,,,,,,,,,,
, الإدارة العامة للتخطيط والتطوير,,,,,,,,,,General Department of Planning and Development 
,إدارة البحوث والدراسات,,,,,,,,,,Research & studies department
,;;;,,,,,,,,,,
,خلال الربع الأول 2020 م/ End of first qurater 2020 ,"توزيع إصابات العمل في القطاع الخاص حسب النشاط الاقتصادي للمنشأة
Injuries distribution in the private sector by establishment's economic activity",,,,,,,,,
,اسم المكتب,النشاط الاقتصادي,,,,,,,,,الإصابات
,مكتب منطقة الرياض,أنشطة الاستخدام,,,,,,,,,58
,مكتب منطقة الرياض,أنشطة البرمجة الحاسوبية والخبرة الاستشارية وما يتصل بها من أنشطة,,,,,,,,,3
,مكتب منطقة الرياض,أنشطة التشييد المتخصصة,,,,,,,,,64
,مكتب منطقة الرياض,أنشطة الخدمات الشخصية الأخرى,,,,,,,,,19
,مكتب منطقة الرياض,أنشطة العمل الاجتماعي، دون إقامة، لكبار السن وذوي الإعاقة,,,,,,,,,1
,مكتب منطقة الرياض,أنشطة المعمارية والهندسية ، والاختبارات الفنية والتحليل,,,,,,,,,10
,مكتب منطقة الرياض,أنشطة المكاتب الرئيسية ، وألأنشطة الاستشارية في مجال الإدارة,,,,,,,,,3
,مكتب منطقة الرياض,أنشطة تقديم الخدمات للمباني وتجميل المواقع,,,,,,,,,173
,مكتب منطقة الرياض,أنشطة جمع النفايات ومعالجتها وتصريفها ، واسترجاع المواد,,,,,,,,,2
,مكتب منطقة الرياض,أنشطة خدمات الأطعمة والمشروبات,,,,,,,,,26
,مكتب منطقة الرياض,أنشطة خدمات المعلومات,,,,,,,,,2
,مكتب منطقة الرياض,أنشطة خدمات دعم التعدين,,,,,,,,,6
,مكتب منطقة الرياض,أنشطة زراعة المحاصيل والإنتاج الحيواني والصيد والخدمات المتصلة,,,,,,,,,17
,مكتب منطقة الرياض,إصلاح وتركيب الآلات والمعدات,,,,,,,,,1
,مكتب منطقة الرياض,الأنشطة الأخرى للتعدين واستغلال المحاجر,,,,,,,,,9
,مكتب منطقة الرياض,الأنشطة الإيجارية,,,,,,,,,1
,مكتب منطقة الرياض,الأنشطة العقارية,,,,,,,,,15
,مكتب منطقة الرياض,الأنشطة القانونية وأنشطة المحاسبة,,,,,,,,,1
,مكتب منطقة الرياض,الإدارة العامة والدفاع ؛ والضمان الاجتماعي الإلزامي,,,,,,,,,7
,مكتب منطقة الرياض,الإقامة,,,,,,,,,7
,مكتب منطقة الرياض,الاتصالات,,,,,,,,,2
,مكتب منطقة الرياض,البحث والتطوير في المجال العلمي,,,,,,,,,1
,مكتب منطقة الرياض,التخزين وأنشطة الدعم للنقل,,,,,,,,,7
,مكتب منطقة الرياض,التعليم,,,,,,,,,4
,مكتب منطقة الرياض,الحراجة وقطع الأخشاب,,,,,,,,,1
,مكتب منطقة الرياض,الصحة البشرية,,,,,,,,,20
,مكتب منطقة الرياض,الصناعة التحويلية الأخرى,,,,,,,,,1
,مكتب منطقة الرياض,الطباعة واستنساخ وسائط الأعلام المسجّلة,,,,,,,,,5
,مكتب منطقة الرياض,النقل البري و النقل عبر الأنابيب,,,,,,,,,16
,مكتب منطقة الرياض,النقل الجوي,,,,,,,,,10
,مكتب منطقة الرياض,الهندسة المدنية,,,,,,,,,1
,مكتب منطقة الرياض,تجارة التجزئة، باستثناء المركبات ذات المحركات والدراجات النارية,,,,,,,,,155
,مكتب منطقة الرياض,تجارة الجملة ، باستثناء المركبات ذات المحركات والدراجات النارية,,,,,,,,,159
,مكتب منطقة الرياض,تجارة الجملة والتجزئة ، وإصلاح المركبات ذات المحركات والدراجات النارية,,,,,,,,,23
,مكتب منطقة الرياض,تشييد المباني,,,,,,,,,370
,مكتب منطقة الرياض,تعدين الفحم والليغنيت,,,,,,,,,1
,مكتب منطقة الرياض,تعدين ركازات الفلزات,,,,,,,,,2
,مكتب منطقة الرياض,توصيل الكهرباء والغاز والبخار وتكييف الهواء,,,,,,,,,22
,مكتب منطقة الرياض,صناعة الآلات والمعدات غير المصنفة في موضع أخر,,,,,,,,,1
,مكتب منطقة الرياض,صناعة المركبات ذات المحركات والمركبات المقطورة ونصف المقطورة,,,,,,,,,1
,مكتب منطقة الرياض,صنع الأثاث,,,,,,,,,7
,مكتب منطقة الرياض,صنع الحواسيب والمنتجات الإلكترونية والبصرية,,,,,,,,,1
,مكتب منطقة الرياض,صنع الفلزات القاعدية,,,,,,,,,43
,مكتب منطقة الرياض,صنع منتجات المطاط واللدائن,,,,,,,,,29
,مكتب منطقة الرياض,صنع منتجات المعادن اللافلزية الأخرى,,,,,,,,,47
,مكتب منطقة الرياض,صنع منتجات المعادن المشكلة ( باستثناء الآلات والمعدات ),,,,,,,,,65
,مكتب منطقة الرياض,صُنع الخشب ومنتجات الخشب والفلين ، باستثناء الأثاث ، صُنع أصناف من القش ومواد الضفر,,,,,,,,,8
,مكتب منطقة الرياض,صُنع المشروبات,,,,,,,,,6
,مكتب منطقة الرياض,صُنع الملبوسات,,,,,,,,,2
,مكتب منطقة الرياض,صُنع المنتجات الغذائية,,,,,,,,,46
,مكتب منطقة الرياض,صُنع المنسوجات,,,,,,,,,7
,مكتب منطقة الرياض,صُنع المواد الكيميائية والمنتجات الكيميائية,,,,,,,,,8
,مكتب منطقة الرياض,صُنع الورق ومنتجات الورق,,,,,,,,,3
,مكتب منطقة القصيم,أنشطة الاستخدام,,,,,,,,,2
,مكتب منطقة القصيم,أنشطة التشييد المتخصصة,,,,,,,,,9
,مكتب منطقة القصيم,أنشطة المكتبات ودور المحفوظات، والمتاحف والأنشطة الثقافية الأخرى,,,,,,,,,1
,مكتب منطقة القصيم,أنشطة النشر,,,,,,,,,1
,مكتب منطقة القصيم,أنشطة تقديم الخدمات للمباني وتجميل المواقع,,,,,,,,,8
,مكتب منطقة القصيم,أنشطة خدمات الأطعمة والمشروبات,,,,,,,,,2
,مكتب منطقة القصيم,أنشطة زراعة المحاصيل والإنتاج الحيواني والصيد والخدمات المتصلة,,,,,,,,,6
,مكتب منطقة القصيم,الأنشطة الإيجارية,,,,,,,,,2
,مكتب منطقة القصيم,الأنشطة البيطرية,,,,,,,,,5
,مكتب منطقة القصيم,الأنشطة العقارية,,,,,,,,,1
,مكتب منطقة القصيم,الإقامة,,,,,,,,,1
,مكتب منطقة القصيم,التخزين وأنشطة الدعم للنقل,,,,,,,,,1
,مكتب منطقة القصيم,التعليم,,,,,,,,,1
,مكتب منطقة القصيم,الصحة البشرية,,,,,,,,,1
,مكتب منطقة القصيم,الطباعة واستنساخ وسائط الأعلام المسجّلة,,,,,,,,,1
,مكتب منطقة القصيم,النقل البري و النقل عبر الأنابيب,,,,,,,,,2
,مكتب منطقة القصيم,الهندسة المدنية,,,,,,,,,1
,مكتب منطقة القصيم,تجارة التجزئة، باستثناء المركبات ذات المحركات والدراجات النارية,,,,,,,,,20
,مكتب منطقة القصيم,تجارة الجملة ، باستثناء المركبات ذات المحركات والدراجات النارية,,,,,,,,,41
,مكتب منطقة القصيم,تجارة الجملة والتجزئة ، وإصلاح المركبات ذات المحركات والدراجات النارية,,,,,,,,,2
,مكتب منطقة القصيم,تشييد المباني,,,,,,,,,119
,مكتب منطقة القصيم,تعدين ركازات الفلزات,,,,,,,,,2
,مكتب منطقة القصيم,توصيل الكهرباء والغاز والبخار وتكييف الهواء,,,,,,,,,2
,مكتب منطقة القصيم,صنع الأثاث,,,,,,,,,2
,مكتب منطقة القصيم,صنع الفلزات القاعدية,,,,,,,,,1
,مكتب منطقة القصيم,صنع منتجات المطاط واللدائن,,,,,,,,,6
,مكتب منطقة القصيم,صنع منتجات المعادن اللافلزية الأخرى,,,,,,,,,3
,مكتب منطقة القصيم,صنع منتجات المعادن المشكلة ( باستثناء الآلات والمعدات ),,,,,,,,,10
,مكتب منطقة القصيم,صيد الأسماك وتربية المائيات,,,,,,,,,1
,مكتب منطقة القصيم,صُنع الخشب ومنتجات الخشب والفلين ، باستثناء الأثاث ، صُنع أصناف من القش ومواد الضفر,,,,,,,,,1
,مكتب منطقة القصيم,صُنع المنتجات الغذائية,,,,,,,,,10
,مكتب منطقة القصيم,صُنع المنسوجات,,,,,,,,,1
,مكتب منطقة القصيم,صُنع المواد الكيميائية والمنتجات الكيميائية,,,,,,,,,1
,مكتب منطقة القصيم,صُنع الورق ومنتجات الورق,,,,,,,,,1
,مكتب منطقة حائل,أنشطة الاستخدام,,,,,,,,,1
,مكتب منطقة حائل,أنشطة التشييد المتخصصة,,,,,,,,,1
,مكتب منطقة حائل,أنشطة تقديم الخدمات للمباني وتجميل المواقع,,,,,,,,,4
,مكتب منطقة حائل,أنشطة خدمات الأطعمة والمشروبات,,,,,,,,,1
,مكتب منطقة حائل,أنشطة زراعة المحاصيل والإنتاج الحيواني والصيد والخدمات المتصلة,,,,,,,,,13
,مكتب منطقة حائل,التعليم,,,,,,,,,1
,مكتب منطقة حائل,تجارة التجزئة، باستثناء المركبات ذات المحركات والدراجات النارية,,,,,,,,,2
,مكتب منطقة حائل,تجارة الجملة ، باستثناء المركبات ذات المحركات والدراجات النارية,,,,,,,,,1
,مكتب منطقة حائل,تجارة الجملة والتجزئة ، وإصلاح المركبات ذات المحركات والدراجات النارية,,,,,,,,,1
,مكتب منطقة حائل,تشييد المباني,,,,,,,,,26
,مكتب منطقة حائل,توصيل الكهرباء والغاز والبخار وتكييف الهواء,,,,,,,,,1
,مكتب منطقة حائل,صنع الأثاث,,,,,,,,,1
,مكتب منطقة حائل,صنع منتجات المطاط واللدائن,,,,,,,,,1
,مكتب منطقة حائل,صنع منتجات المعادن اللافلزية الأخرى,,,,,,,,,3
,مكتب منطقة حائل,صُنع الخشب ومنتجات الخشب والفلين ، باستثناء الأثاث ، صُنع أصناف من القش ومواد الضفر,,,,,,,,,1
,مكتب منطقة حائل,صُنع المنتجات الغذائية,,,,,,,,,8
,مكتب محافظة الخرج,أنشطة الاستخدام,,,,,,,,,3
,مكتب محافظة الخرج,أنشطة التشييد المتخصصة,,,,,,,,,2
,مكتب محافظة الخرج,أنشطة تقديم الخدمات للمباني وتجميل المواقع,,,,,,,,,10
,مكتب محافظة الخرج,أنشطة زراعة المحاصيل والإنتاج الحيواني والصيد والخدمات المتصلة,,,,,,,,,6
,مكتب محافظة الخرج,الأنشطة الأخرى للتعدين واستغلال المحاجر,,,,,,,,,1
,مكتب محافظة الخرج,الأنشطة الرياضية وأنشطة التسلية والترفيه,,,,,,,,,1
,مكتب محافظة الخرج,الصحة البشرية,,,,,,,,,1
,مكتب محافظة الخرج,النقل البري و النقل عبر الأنابيب,,,,,,,,,2
,مكتب محافظة الخرج,تجارة التجزئة، باستثناء المركبات ذات المحركات والدراجات النارية,,,,,,,,,10
,مكتب محافظة الخرج,تجارة الجملة ، باستثناء المركبات ذات المحركات والدراجات النارية,,,,,,,,,9
,مكتب محافظة الخرج,تجارة الجملة والتجزئة ، وإصلاح المركبات ذات المحركات والدراجات النارية,,,,,,,,,1
,مكتب محافظة الخرج,تشييد المباني,,,,,,,,,20
,مكتب محافظة الخرج,صنع الفلزات القاعدية,,,,,,,,,1
,مكتب محافظة الخرج,صنع منتجات المعادن اللافلزية الأخرى,,,,,,,,,4
,مكتب محافظة الخرج,صُنع المشروبات,,,,,,,,,6
,مكتب محافظة الخرج,صُنع المنتجات الغذائية,,,,,,,,,16
,مكتب محافظة الخرج,صُنع الورق ومنتجات الورق,,,,,,,,,1
,مكتب منطقة مكة المكرمة/جدة,أبحاث الإعلان والسوق,,,,,,,,,2
,مكتب منطقة مكة المكرمة/جدة,أنشطة أخرى,,,,,,,,,2
,مكتب منطقة مكة المكرمة/جدة,أنشطة الأمن والتحقيقات,,,,,,,,,1
,مكتب منطقة مكة المكرمة/جدة,أنشطة الاستخدام,,,,,,,,,33
,مكتب منطقة مكة المكرمة/جدة,أنشطة البرمجة الحاسوبية والخبرة الاستشارية وما يتصل بها من أنشطة,,,,,,,,,5
,مكتب منطقة مكة المكرمة/جدة,أنشطة التشييد المتخصصة,,,,,,,,,57
,مكتب منطقة مكة المكرمة/جدة,أنشطة الخدمات الشخصية الأخرى,,,,,,,,,4
,مكتب منطقة مكة المكرمة/جدة,أنشطة العمل الاجتماعي، دون إقامة، لكبار السن وذوي الإعاقة,,,,,,,,,1
,مكتب منطقة مكة المكرمة/جدة,أنشطة المعمارية والهندسية ، والاختبارات الفنية والتحليل,,,,,,,,,9
,مكتب منطقة مكة المكرمة/جدة,أنشطة المكتبات ودور المحفوظات، والمتاحف والأنشطة الثقافية الأخرى,,,,,,,,,1
,مكتب منطقة مكة المكرمة/جدة,أنشطة تقديم الخدمات للمباني وتجميل المواقع,,,,,,,,,56
,مكتب منطقة مكة المكرمة/جدة,أنشطة خدمات الأطعمة والمشروبات,,,,,,,,,29
,مكتب منطقة مكة المكرمة/جدة,أنشطة خدمات دعم التعدين,,,,,,,,,4
,مكتب منطقة مكة المكرمة/جدة,أنشطة زراعة المحاصيل والإنتاج الحيواني والصيد والخدمات المتصلة,,,,,,,,,3
,مكتب منطقة مكة المكرمة/جدة,إصلاح وتركيب الآلات والمعدات,,,,,,,,,2
,مكتب منطقة مكة المكرمة/جدة,الأنشطة الإدارية للمكاتب ، وأنشطة الدعم للمكاتب وغير ذلك من أنشطة الدعم للأعمال,,,,,,,,,1
,مكتب منطقة مكة المكرمة/جدة,الأنشطة الإيجارية,,,,,,,,,7
,مكتب منطقة مكة المكرمة/جدة,الأنشطة الرياضية وأنشطة التسلية والترفيه,,,,,,,,,1
,مكتب منطقة مكة المكرمة/جدة,الأنشطة العقارية,,,,,,,,,7
,مكتب منطقة مكة المكرمة/جدة,الإدارة العامة والدفاع ؛ والضمان الاجتماعي الإلزامي,,,,,,,,,1
,مكتب منطقة مكة المكرمة/جدة,الإقامة,,,,,,,,,18
,مكتب منطقة مكة المكرمة/جدة,التخزين وأنشطة الدعم للنقل,,,,,,,,,17
,مكتب منطقة مكة المكرمة/جدة,التعليم,,,,,,,,,2
,مكتب منطقة مكة المكرمة/جدة,الحراجة وقطع الأخشاب,,,,,,,,,2
,مكتب منطقة مكة المكرمة/جدة,الصحة البشرية,,,,,,,,,51
,مكتب منطقة مكة المكرمة/جدة,الصرف الصحي,,,,,,,,,1
,مكتب منطقة مكة المكرمة/جدة,الصناعة التحويلية الأخرى,,,,,,,,,3
,مكتب منطقة مكة المكرمة/جدة,الطباعة واستنساخ وسائط الأعلام المسجّلة,,,,,,,,,4
,مكتب منطقة مكة المكرمة/جدة,النقل البري و النقل عبر الأنابيب,,,,,,,,,25
,مكتب منطقة مكة المكرمة/جدة,النقل الجوي,,,,,,,,,11
,مكتب منطقة مكة المكرمة/جدة,النقل المائي,,,,,,,,,2
,مكتب منطقة مكة المكرمة/جدة,تجارة التجزئة، باستثناء المركبات ذات المحركات والدراجات النارية,,,,,,,,,90
,مكتب منطقة مكة المكرمة/جدة,تجارة الجملة ، باستثناء المركبات ذات المحركات والدراجات النارية,,,,,,,,,189
,مكتب منطقة مكة المكرمة/جدة,تجارة الجملة والتجزئة ، وإصلاح المركبات ذات المحركات والدراجات النارية,,,,,,,,,29
,مكتب منطقة مكة المكرمة/جدة,تشييد المباني,,,,,,,,,441
,مكتب منطقة مكة المكرمة/جدة,تعدين ركازات الفلزات,,,,,,,,,9
,مكتب منطقة مكة المكرمة/جدة,توصيل الكهرباء والغاز والبخار وتكييف الهواء,,,,,,,,,5
,مكتب منطقة مكة المكرمة/جدة,صناعة الآلات والمعدات غير المصنفة في موضع أخر,,,,,,,,,4
,مكتب منطقة مكة المكرمة/جدة,صناعة المركبات ذات المحركات والمركبات المقطورة ونصف المقطورة,,,,,,,,,2
,مكتب منطقة مكة المكرمة/جدة,صناعة معدات النقل الأخرى,,,,,,,,,5
,مكتب منطقة مكة المكرمة/جدة,صنع الأثاث,,,,,,,,,14
,مكتب منطقة مكة المكرمة/جدة,صنع الحواسيب والمنتجات الإلكترونية والبصرية,,,,,,,,,3
,مكتب منطقة مكة المكرمة/جدة,صنع الفلزات القاعدية,,,,,,,,,70
,مكتب منطقة مكة المكرمة/جدة,صنع المعدات الكهربائية,,,,,,,,,20
,مكتب منطقة مكة المكرمة/جدة,صنع منتجات المطاط واللدائن,,,,,,,,,31
,مكتب منطقة مكة المكرمة/جدة,صنع منتجات المعادن اللافلزية الأخرى,,,,,,,,,46
,مكتب منطقة مكة المكرمة/جدة,صنع منتجات المعادن المشكلة ( باستثناء الآلات والمعدات ),,,,,,,,,41
,مكتب منطقة مكة المكرمة/جدة,صُنع الخشب ومنتجات الخشب والفلين ، باستثناء الأثاث ، صُنع أصناف من القش ومواد الضفر,,,,,,,,,13
,مكتب منطقة مكة المكرمة/جدة,صُنع المشروبات,,,,,,,,,9
,مكتب منطقة مكة المكرمة/جدة,صُنع المنتجات الجلدية والمنتجات ذات الصلة,,,,,,,,,2
,مكتب منطقة مكة المكرمة/جدة,صُنع المنتجات الغذائية,,,,,,,,,79
,مكتب منطقة مكة المكرمة/جدة,صُنع المنسوجات,,,,,,,,,6
,مكتب منطقة مكة المكرمة/جدة,صُنع المواد الكيميائية والمنتجات الكيميائية,,,,,,,,,25
,مكتب منطقة مكة المكرمة/جدة,صُنع الورق ومنتجات الورق,,,,,,,,,18
,مكتب مكة المكرمة,أنشطة الاستخدام,,,,,,,,,8
,مكتب مكة المكرمة,أنشطة البرمجة الحاسوبية والخبرة الاستشارية وما يتصل بها من أنشطة,,,,,,,,,1
,مكتب مكة المكرمة,أنشطة التشييد المتخصصة,,,,,,,,,15
,مكتب مكة المكرمة,أنشطة الخدمات الشخصية الأخرى,,,,,,,,,2
,مكتب مكة المكرمة,أنشطة العمل الاجتماعي، دون إقامة، لكبار السن وذوي الإعاقة,,,,,,,,,1
,مكتب مكة المكرمة,أنشطة المعمارية والهندسية ، والاختبارات الفنية والتحليل,,,,,,,,,2
,مكتب مكة المكرمة,أنشطة المكتبات ودور المحفوظات، والمتاحف والأنشطة الثقافية الأخرى,,,,,,,,,2
,مكتب مكة المكرمة,أنشطة تقديم الخدمات للمباني وتجميل المواقع,,,,,,,,,36
,مكتب مكة المكرمة,أنشطة خدمات الأطعمة والمشروبات,,,,,,,,,12
,مكتب مكة المكرمة,أنشطة زراعة المحاصيل والإنتاج الحيواني والصيد والخدمات المتصلة,,,,,,,,,2
,مكتب مكة المكرمة,الأنشطة الإيجارية,,,,,,,,,1
,مكتب مكة المكرمة,الإدارة العامة والدفاع ؛ والضمان الاجتماعي الإلزامي,,,,,,,,,5
,مكتب مكة المكرمة,الإقامة,,,,,,,,,6
,مكتب مكة المكرمة,التخزين وأنشطة الدعم للنقل,,,,,,,,,2
,مكتب مكة المكرمة,التعليم,,,,,,,,,1
,مكتب مكة المكرمة,الصحة البشرية,,,,,,,,,4
,مكتب مكة المكرمة,تجارة التجزئة، باستثناء المركبات ذات المحركات والدراجات النارية,,,,,,,,,19
,مكتب مكة المكرمة,تجارة الجملة ، باستثناء المركبات ذات المحركات والدراجات النارية,,,,,,,,,23
,مكتب مكة المكرمة,تجارة الجملة والتجزئة ، وإصلاح المركبات ذات المحركات والدراجات النارية,,,,,,,,,8
,مكتب مكة المكرمة,تجميع المياه ومعالجتها وتوصيلها,,,,,,,,,1
,مكتب مكة المكرمة,تشييد المباني,,,,,,,,,476
,مكتب مكة المكرمة,تعدين ركازات الفلزات,,,,,,,,,3
,مكتب مكة المكرمة,تمويل التأمين وإعادة التأمين وصناديق المعاشات التقاعدية باستثناء الضمان الاجتماعي الإلزامي,,,,,,,,,1
,مكتب مكة المكرمة,توصيل الكهرباء والغاز والبخار وتكييف الهواء,,,,,,,,,2
,مكتب مكة المكرمة,صناعة معدات النقل الأخرى,,,,,,,,,1
,مكتب مكة المكرمة,صنع الفلزات القاعدية,,,,,,,,,3
,مكتب مكة المكرمة,صنع منتجات المطاط واللدائن,,,,,,,,,2
,مكتب مكة المكرمة,صنع منتجات المعادن اللافلزية الأخرى,,,,,,,,,18
,مكتب مكة المكرمة,صنع منتجات المعادن المشكلة ( باستثناء الآلات والمعدات ),,,,,,,,,3
,مكتب مكة المكرمة,صُنع الخشب ومنتجات الخشب والفلين ، باستثناء الأثاث ، صُنع أصناف من القش ومواد الضفر,,,,,,,,,2
,مكتب مكة المكرمة,صُنع المنتجات الغذائية,,,,,,,,,15
,مكتب مكة المكرمة,وكالات السفر ومشغّلو الجولات السياحية وخدمات الحجز والأنشطة المتصلة بها,,,,,,,,,2
,مكتب منطقة المدينة المنورة,أنشطة الاستخدام,,,,,,,,,8
,مكتب منطقة المدينة المنورة,أنشطة البرمجة الحاسوبية والخبرة الاستشارية وما يتصل بها من أنشطة,,,,,,,,,1
,مكتب منطقة المدينة المنورة,أنشطة التشييد المتخصصة,,,,,,,,,9
,مكتب منطقة المدينة المنورة,أنشطة المعمارية والهندسية ، والاختبارات الفنية والتحليل,,,,,,,,,2
,مكتب منطقة المدينة المنورة,أنشطة المكاتب الرئيسية ، وألأنشطة الاستشارية في مجال الإدارة,,,,,,,,,1
,مكتب منطقة المدينة المنورة,أنشطة المنظمات ذات العضوية,,,,,,,,,1
,مكتب منطقة المدينة المنورة,أنشطة تقديم الخدمات للمباني وتجميل المواقع,,,,,,,,,77
,مكتب منطقة المدينة المنورة,أنشطة خدمات الأطعمة والمشروبات,,,,,,,,,12
,مكتب منطقة المدينة المنورة,أنشطة خدمات دعم التعدين,,,,,,,,,1
,مكتب منطقة المدينة المنورة,إصلاح وتركيب الآلات والمعدات,,,,,,,,,2
,مكتب منطقة المدينة المنورة,الأنشطة الأخرى للتعدين واستغلال المحاجر,,,,,,,,,1
,مكتب منطقة المدينة المنورة,الأنشطة الإيجارية,,,,,,,,,2
,مكتب منطقة المدينة المنورة,الأنشطة العقارية,,,,,,,,,1
,مكتب منطقة المدينة المنورة,الإدارة العامة والدفاع ؛ والضمان الاجتماعي الإلزامي,,,,,,,,,1
,مكتب منطقة المدينة المنورة,الإقامة,,,,,,,,,5
,مكتب منطقة المدينة المنورة,التعليم,,,,,,,,,1
,مكتب منطقة المدينة المنورة,الحراجة وقطع الأخشاب,,,,,,,,,4
,مكتب منطقة المدينة المنورة,الصحة البشرية,,,,,,,,,7
,مكتب منطقة المدينة المنورة,النقل البري و النقل عبر الأنابيب,,,,,,,,,2
,مكتب منطقة المدينة المنورة,تجارة التجزئة، باستثناء المركبات ذات المحركات والدراجات النارية,,,,,,,,,28
,مكتب منطقة المدينة المنورة,تجارة الجملة ، باستثناء المركبات ذات المحركات والدراجات النارية,,,,,,,,,28
,مكتب منطقة المدينة المنورة,تجارة الجملة والتجزئة ، وإصلاح المركبات ذات المحركات والدراجات النارية,,,,,,,,,6
,مكتب منطقة المدينة المنورة,تشييد المباني,,,,,,,,,113
,مكتب منطقة المدينة المنورة,توصيل الكهرباء والغاز والبخار وتكييف الهواء,,,,,,,,,1
,مكتب منطقة المدينة المنورة,صنع الأثاث,,,,,,,,,3
,مكتب منطقة المدينة المنورة,صنع الحواسيب والمنتجات الإلكترونية والبصرية,,,,,,,,,1
,مكتب منطقة المدينة المنورة,صنع الفلزات القاعدية,,,,,,,,,3
,مكتب منطقة المدينة المنورة,صنع منتجات المعادن اللافلزية الأخرى,,,,,,,,,8
,مكتب منطقة المدينة المنورة,صنع منتجات المعادن المشكلة ( باستثناء الآلات والمعدات ),,,,,,,,,5
,مكتب منطقة المدينة المنورة,صُنع الخشب ومنتجات الخشب والفلين ، باستثناء الأثاث ، صُنع أصناف من القش ومواد الضفر,,,,,,,,,3
,مكتب منطقة المدينة المنورة,صُنع المشروبات,,,,,,,,,1
,مكتب منطقة المدينة المنورة,صُنع المنتجات الجلدية والمنتجات ذات الصلة,,,,,,,,,2
,مكتب منطقة المدينة المنورة,صُنع المنتجات الغذائية,,,,,,,,,3
,مكتب منطقة المدينة المنورة,صُنع المواد الكيميائية والمنتجات الكيميائية,,,,,,,,,1
,مكتب منطقة تبوك,أنشطة الأمن والتحقيقات,,,,,,,,,1
,مكتب منطقة تبوك,أنشطة الاستخدام,,,,,,,,,1
,مكتب منطقة تبوك,أنشطة التشييد المتخصصة,,,,,,,,,9
,مكتب منطقة تبوك,أنشطة المعمارية والهندسية ، والاختبارات الفنية والتحليل,,,,,,,,,3
,مكتب منطقة تبوك,أنشطة تقديم الخدمات للمباني وتجميل المواقع,,,,,,,,,4
,مكتب منطقة تبوك,أنشطة خدمات الأطعمة والمشروبات,,,,,,,,,1
,مكتب منطقة تبوك,أنشطة زراعة المحاصيل والإنتاج الحيواني والصيد والخدمات المتصلة,,,,,,,,,4
,مكتب منطقة تبوك,إصلاح أجهزة الحاسوب والسلع الشخصية والمنزلية,,,,,,,,,1
,مكتب منطقة تبوك,الأنشطة العقارية,,,,,,,,,2
,مكتب منطقة تبوك,التعليم,,,,,,,,,2
,مكتب منطقة تبوك,الصحة البشرية,,,,,,,,,1
,مكتب منطقة تبوك,تجارة التجزئة، باستثناء المركبات ذات المحركات والدراجات النارية,,,,,,,,,6
,مكتب منطقة تبوك,تجارة الجملة ، باستثناء المركبات ذات المحركات والدراجات النارية,,,,,,,,,6
,مكتب منطقة تبوك,تجارة الجملة والتجزئة ، وإصلاح المركبات ذات المحركات والدراجات النارية,,,,,,,,,2
,مكتب منطقة تبوك,تشييد المباني,,,,,,,,,26
,مكتب منطقة تبوك,صنع الفلزات القاعدية,,,,,,,,,1
,مكتب منطقة تبوك,صنع منتجات المعادن اللافلزية الأخرى,,,,,,,,,1
,مكتب منطقة تبوك,صنع منتجات المعادن المشكلة ( باستثناء الآلات والمعدات ),,,,,,,,,1
,مكتب منطقة تبوك,صُنع المشروبات,,,,,,,,,1
,مكتب منطقة تبوك,صُنع المواد الكيميائية والمنتجات الكيميائية,,,,,,,,,1
,مكتب محافظة الطائف,أنشطة الاستخدام,,,,,,,,,2
,مكتب محافظة الطائف,أنشطة التشييد المتخصصة,,,,,,,,,7
,مكتب محافظة الطائف,أنشطة الخدمات الشخصية الأخرى,,,,,,,,,1
,مكتب محافظة الطائف,أنشطة المعمارية والهندسية ، والاختبارات الفنية والتحليل,,,,,,,,,1
,مكتب محافظة الطائف,أنشطة تقديم الخدمات للمباني وتجميل المواقع,,,,,,,,,8
,مكتب محافظة الطائف,أنشطة خدمات الأطعمة والمشروبات,,,,,,,,,6
,مكتب محافظة الطائف,أنشطة زراعة المحاصيل والإنتاج الحيواني والصيد والخدمات المتصلة,,,,,,,,,2
,مكتب محافظة الطائف,الأنشطة الإيجارية,,,,,,,,,4
,مكتب محافظة الطائف,الإدارة العامة والدفاع ؛ والضمان الاجتماعي الإلزامي,,,,,,,,,1
,مكتب محافظة الطائف,الإقامة,,,,,,,,,1
,مكتب محافظة الطائف,التعليم,,,,,,,,,5
,مكتب محافظة الطائف,الصحة البشرية,,,,,,,,,1
,مكتب محافظة الطائف,النقل البري و النقل عبر الأنابيب,,,,,,,,,2
,مكتب محافظة الطائف,تجارة التجزئة، باستثناء المركبات ذات المحركات والدراجات النارية,,,,,,,,,16
,مكتب محافظة الطائف,تجارة الجملة ، باستثناء المركبات ذات المحركات والدراجات النارية,,,,,,,,,7
,مكتب محافظة الطائف,تجارة الجملة والتجزئة ، وإصلاح المركبات ذات المحركات والدراجات النارية,,,,,,,,,5
,مكتب محافظة الطائف,تشييد المباني,,,,,,,,,48
,مكتب محافظة الطائف,صنع الفلزات القاعدية,,,,,,,,,2
,مكتب محافظة الطائف,صنع منتجات المعادن اللافلزية الأخرى,,,,,,,,,2
,مكتب محافظة الطائف,صنع منتجات المعادن المشكلة ( باستثناء الآلات والمعدات ),,,,,,,,,1
,مكتب محافظة الطائف,صُنع الخشب ومنتجات الخشب والفلين ، باستثناء الأثاث ، صُنع أصناف من القش ومواد الضفر,,,,,,,,,4
,مكتب محافظة الطائف,صُنع الملبوسات,,,,,,,,,1
,مكتب محافظة الطائف,صُنع المنتجات الغذائية,,,,,,,,,3
,مكتب محافظة ينبع,أنشطة الاستخدام,,,,,,,,,3
,مكتب محافظة ينبع,أنشطة البرمجة الحاسوبية والخبرة الاستشارية وما يتصل بها من أنشطة,,,,,,,,,1
,مكتب محافظة ينبع,أنشطة التشييد المتخصصة,,,,,,,,,3
,مكتب محافظة ينبع,أنشطة المعمارية والهندسية ، والاختبارات الفنية والتحليل,,,,,,,,,1
,مكتب محافظة ينبع,أنشطة تقديم الخدمات للمباني وتجميل المواقع,,,,,,,,,3
,مكتب محافظة ينبع,أنشطة خدمات دعم التعدين,,,,,,,,,3
,مكتب محافظة ينبع,الأنشطة العقارية,,,,,,,,,1
,مكتب محافظة ينبع,الإدارة العامة والدفاع ؛ والضمان الاجتماعي الإلزامي,,,,,,,,,1
,مكتب محافظة ينبع,التعليم,,,,,,,,,2
,مكتب محافظة ينبع,النقل البري و النقل عبر الأنابيب,,,,,,,,,2
,مكتب محافظة ينبع,تجارة التجزئة، باستثناء المركبات ذات المحركات والدراجات النارية,,,,,,,,,8
,مكتب محافظة ينبع,تجارة الجملة ، باستثناء المركبات ذات المحركات والدراجات النارية,,,,,,,,,5
,مكتب محافظة ينبع,تجارة الجملة والتجزئة ، وإصلاح المركبات ذات المحركات والدراجات النارية,,,,,,,,,2
,مكتب محافظة ينبع,تشييد المباني,,,,,,,,,38
,مكتب محافظة ينبع,توصيل الكهرباء والغاز والبخار وتكييف الهواء,,,,,,,,,2
,مكتب محافظة ينبع,صناعة معدات النقل الأخرى,,,,,,,,,1
,مكتب محافظة ينبع,صنع المعدات الكهربائية,,,,,,,,,1
,مكتب محافظة ينبع,صنع فحم الكوك والمنتجات النفطية المكررة,,,,,,,,,1
,مكتب محافظة ينبع,صنع منتجات المطاط واللدائن,,,,,,,,,1
,مكتب محافظة ينبع,صنع منتجات المعادن اللافلزية الأخرى,,,,,,,,,1
,مكتب محافظة ينبع,صنع منتجات المعادن المشكلة ( باستثناء الآلات والمعدات ),,,,,,,,,2
,مكتب محافظة ينبع,صُنع المنتجات الغذائية,,,,,,,,,1
,مكتب محافظة ينبع,صُنع المواد الكيميائية والمنتجات الكيميائية,,,,,,,,,2
,مكتب المنطقة الشرقية,أنشطة أخرى,,,,,,,,,11
,مكتب المنطقة الشرقية,أنشطة الاستخدام,,,,,,,,,43
,مكتب المنطقة الشرقية,أنشطة البرمجة الحاسوبية والخبرة الاستشارية وما يتصل بها من أنشطة,,,,,,,,,1
,مكتب المنطقة الشرقية,أنشطة التشييد المتخصصة,,,,,,,,,53
,مكتب المنطقة الشرقية,أنشطة الخدمات الشخصية الأخرى,,,,,,,,,12
,مكتب المنطقة الشرقية,أنشطة الخدمات المالية ، فيما عدا تمويل التأمين وصناديق المعاشات,,,,,,,,,1
,مكتب المنطقة الشرقية,أنشطة المعمارية والهندسية ، والاختبارات الفنية والتحليل,,,,,,,,,10
,مكتب المنطقة الشرقية,أنشطة المكتبات ودور المحفوظات، والمتاحف والأنشطة الثقافية الأخرى,,,,,,,,,1
,مكتب المنطقة الشرقية,أنشطة تقديم الخدمات للمباني وتجميل المواقع,,,,,,,,,71
,مكتب المنطقة الشرقية,أنشطة خدمات الأطعمة والمشروبات,,,,,,,,,42
,مكتب المنطقة الشرقية,أنشطة خدمات المعلومات,,,,,,,,,1
,مكتب المنطقة الشرقية,أنشطة خدمات دعم التعدين,,,,,,,,,52
,مكتب المنطقة الشرقية,أنشطة زراعة المحاصيل والإنتاج الحيواني والصيد والخدمات المتصلة,,,,,,,,,4
,مكتب المنطقة الشرقية,إصلاح أجهزة الحاسوب والسلع الشخصية والمنزلية,,,,,,,,,1
,مكتب المنطقة الشرقية,إصلاح وتركيب الآلات والمعدات,,,,,,,,,2
,مكتب المنطقة الشرقية,الأنشطة الأخرى للتعدين واستغلال المحاجر,,,,,,,,,3
,مكتب المنطقة الشرقية,الأنشطة الإيجارية,,,,,,,,,9
,مكتب المنطقة الشرقية,الأنشطة الرياضية وأنشطة التسلية والترفيه,,,,,,,,,2
,مكتب المنطقة الشرقية,الأنشطة العقارية,,,,,,,,,6
,مكتب المنطقة الشرقية,الأنشطة القانونية وأنشطة المحاسبة,,,,,,,,,1
,مكتب المنطقة الشرقية,الإدارة العامة والدفاع ؛ والضمان الاجتماعي الإلزامي,,,,,,,,,5
,مكتب المنطقة الشرقية,الإقامة,,,,,,,,,4
,مكتب المنطقة الشرقية,التخزين وأنشطة الدعم للنقل,,,,,,,,,11
,مكتب المنطقة الشرقية,التعليم,,,,,,,,,7
,مكتب المنطقة الشرقية,الصحة البشرية,,,,,,,,,22
,مكتب المنطقة الشرقية,الصرف الصحي,,,,,,,,,4
,مكتب المنطقة الشرقية,الطباعة واستنساخ وسائط الأعلام المسجّلة,,,,,,,,,5
,مكتب المنطقة الشرقية,النقل البري و النقل عبر الأنابيب,,,,,,,,,23
,مكتب المنطقة الشرقية,النقل الجوي,,,,,,,,,14
,مكتب المنطقة الشرقية,النقل المائي,,,,,,,,,2
,مكتب المنطقة الشرقية,تجارة التجزئة، باستثناء المركبات ذات المحركات والدراجات النارية,,,,,,,,,86
,مكتب المنطقة الشرقية,تجارة الجملة ، باستثناء المركبات ذات المحركات والدراجات النارية,,,,,,,,,92
,مكتب المنطقة الشرقية,تجارة الجملة والتجزئة ، وإصلاح المركبات ذات المحركات والدراجات النارية,,,,,,,,,14
,مكتب المنطقة الشرقية,تجميع المياه ومعالجتها وتوصيلها,,,,,,,,,1
,مكتب المنطقة الشرقية,تشييد المباني,,,,,,,,,521
,مكتب المنطقة الشرقية,تعدين ركازات الفلزات,,,,,,,,,23
,مكتب المنطقة الشرقية,تمويل التأمين وإعادة التأمين وصناديق المعاشات التقاعدية باستثناء الضمان الاجتماعي الإلزامي,,,,,,,,,1
,مكتب المنطقة الشرقية,توصيل الكهرباء والغاز والبخار وتكييف الهواء,,,,,,,,,11
,مكتب المنطقة الشرقية,صناعة الآلات والمعدات غير المصنفة في موضع أخر,,,,,,,,,5
,مكتب المنطقة الشرقية,صناعة معدات النقل الأخرى,,,,,,,,,2
,مكتب المنطقة الشرقية,صنع الأثاث,,,,,,,,,1
,مكتب المنطقة الشرقية,صنع الحواسيب والمنتجات الإلكترونية والبصرية,,,,,,,,,7
,مكتب المنطقة الشرقية,صنع الفلزات القاعدية,,,,,,,,,53
,مكتب المنطقة الشرقية,صنع المعدات الكهربائية,,,,,,,,,11
,مكتب المنطقة الشرقية,صنع فحم الكوك والمنتجات النفطية المكررة,,,,,,,,,3
,مكتب المنطقة الشرقية,صنع منتجات المطاط واللدائن,,,,,,,,,44
,مكتب المنطقة الشرقية,صنع منتجات المعادن اللافلزية الأخرى,,,,,,,,,28
,مكتب المنطقة الشرقية,صنع منتجات المعادن المشكلة ( باستثناء الآلات والمعدات ),,,,,,,,,97
,مكتب المنطقة الشرقية,صيد الأسماك وتربية المائيات,,,,,,,,,2
,مكتب المنطقة الشرقية,صُنع الخشب ومنتجات الخشب والفلين ، باستثناء الأثاث ، صُنع أصناف من القش ومواد الضفر,,,,,,,,,30
,مكتب المنطقة الشرقية,صُنع المشروبات,,,,,,,,,12
,مكتب المنطقة الشرقية,صُنع المنتجات الغذائية,,,,,,,,,25
,مكتب المنطقة الشرقية,صُنع المنسوجات,,,,,,,,,4
,مكتب المنطقة الشرقية,صُنع المواد الكيميائية والمنتجات الكيميائية,,,,,,,,,6
,مكتب المنطقة الشرقية,صُنع الورق ومنتجات الورق,,,,,,,,,5
,مكتب المنطقة الشرقية,وكالات السفر ومشغّلو الجولات السياحية وخدمات الحجز والأنشطة المتصلة بها,,,,,,,,,2
,مكتب محافظة الأحساء,أنشطة الاستخدام,,,,,,,,,1
,مكتب محافظة الأحساء,أنشطة التشييد المتخصصة,,,,,,,,,17
,مكتب محافظة الأحساء,أنشطة الخدمات الشخصية الأخرى,,,,,,,,,1
,مكتب محافظة الأحساء,أنشطة تقديم الخدمات للمباني وتجميل المواقع,,,,,,,,,13
,مكتب محافظة الأحساء,أنشطة جمع النفايات ومعالجتها وتصريفها ، واسترجاع المواد,,,,,,,,,1
,مكتب محافظة الأحساء,أنشطة خدمات الأطعمة والمشروبات,,,,,,,,,10
,مكتب محافظة الأحساء,أنشطة خدمات دعم التعدين,,,,,,,,,33
,مكتب محافظة الأحساء,أنشطة زراعة المحاصيل والإنتاج الحيواني والصيد والخدمات المتصلة,,,,,,,,,14
,مكتب محافظة الأحساء,الأنشطة الإيجارية,,,,,,,,,10
,مكتب محافظة الأحساء,الأنشطة العقارية,,,,,,,,,1
,مكتب محافظة الأحساء,الإدارة العامة والدفاع ؛ والضمان الاجتماعي الإلزامي,,,,,,,,,1
,مكتب محافظة الأحساء,الإقامة,,,,,,,,,3
,مكتب محافظة الأحساء,الصحة البشرية,,,,,,,,,10
,مكتب محافظة الأحساء,الطباعة واستنساخ وسائط الأعلام المسجّلة,,,,,,,,,4
,مكتب محافظة الأحساء,النقل البري و النقل عبر الأنابيب,,,,,,,,,7
,مكتب محافظة الأحساء,النقل الجوي,,,,,,,,,4
,مكتب محافظة الأحساء,تجارة التجزئة، باستثناء المركبات ذات المحركات والدراجات النارية,,,,,,,,,31
,مكتب محافظة الأحساء,تجارة الجملة ، باستثناء المركبات ذات المحركات والدراجات النارية,,,,,,,,,23
,مكتب محافظة الأحساء,تجارة الجملة والتجزئة ، وإصلاح المركبات ذات المحركات والدراجات النارية,,,,,,,,,7
,مكتب محافظة الأحساء,تجميع المياه ومعالجتها وتوصيلها,,,,,,,,,2
,مكتب محافظة الأحساء,تشييد المباني,,,,,,,,,138
,مكتب محافظة الأحساء,تعدين ركازات الفلزات,,,,,,,,,3
,مكتب محافظة الأحساء,تمويل التأمين وإعادة التأمين وصناديق المعاشات التقاعدية باستثناء الضمان الاجتماعي الإلزامي,,,,,,,,,1
,مكتب محافظة الأحساء,صناعة الآلات والمعدات غير المصنفة في موضع أخر,,,,,,,,,1
,مكتب محافظة الأحساء,صنع الأثاث,,,,,,,,,4
,مكتب محافظة الأحساء,صنع الحواسيب والمنتجات الإلكترونية والبصرية,,,,,,,,,2
,مكتب محافظة الأحساء,صنع الفلزات القاعدية,,,,,,,,,2
,مكتب محافظة الأحساء,صنع منتجات المطاط واللدائن,,,,,,,,,3
,مكتب محافظة الأحساء,صنع منتجات المعادن اللافلزية الأخرى,,,,,,,,,7
,مكتب محافظة الأحساء,صنع منتجات المعادن المشكلة ( باستثناء الآلات والمعدات ),,,,,,,,,6
,مكتب محافظة الأحساء,صُنع الخشب ومنتجات الخشب والفلين ، باستثناء الأثاث ، صُنع أصناف من القش ومواد الضفر,,,,,,,,,2
,مكتب محافظة الأحساء,صُنع المنتجات الغذائية,,,,,,,,,26
,مكتب محافظة الأحساء,صُنع المنسوجات,,,,,,,,,1
,مكتب محافظة الأحساء,صُنع الورق ومنتجات الورق,,,,,,,,,1
,مكتب منطقة الجوف,أنشطة الاستخدام,,,,,,,,,1
,مكتب منطقة الجوف,أنشطة تقديم الخدمات للمباني وتجميل المواقع,,,,,,,,,6
,مكتب منطقة الجوف,أنشطة زراعة المحاصيل والإنتاج الحيواني والصيد والخدمات المتصلة,,,,,,,,,3
,مكتب منطقة الجوف,تجارة التجزئة، باستثناء المركبات ذات المحركات والدراجات النارية,,,,,,,,,2
,مكتب منطقة الجوف,تجارة الجملة ، باستثناء المركبات ذات المحركات والدراجات النارية,,,,,,,,,3
,مكتب منطقة الجوف,تشييد المباني,,,,,,,,,9
,مكتب منطقة الجوف,صُنع المشروبات,,,,,,,,,1
,مكتب منطقة الجوف,صُنع المنتجات الغذائية,,,,,,,,,1
,مكتب محافظة الجبيل,أنشطة الاستخدام,,,,,,,,,18
,مكتب محافظة الجبيل,أنشطة التشييد المتخصصة,,,,,,,,,10
,مكتب محافظة الجبيل,أنشطة المعمارية والهندسية ، والاختبارات الفنية والتحليل,,,,,,,,,5
,مكتب محافظة الجبيل,أنشطة المكتبات ودور المحفوظات، والمتاحف والأنشطة الثقافية الأخرى,,,,,,,,,1
,مكتب محافظة الجبيل,أنشطة تقديم الخدمات للمباني وتجميل المواقع,,,,,,,,,9
,مكتب محافظة الجبيل,أنشطة خدمات الأطعمة والمشروبات,,,,,,,,,7
,مكتب محافظة الجبيل,أنشطة خدمات دعم التعدين,,,,,,,,,9
,مكتب محافظة الجبيل,الأنشطة الأخرى للتعدين واستغلال المحاجر,,,,,,,,,1
,مكتب محافظة الجبيل,الأنشطة الإيجارية,,,,,,,,,1
,مكتب محافظة الجبيل,الإدارة العامة والدفاع ؛ والضمان الاجتماعي الإلزامي,,,,,,,,,1
,مكتب محافظة الجبيل,التخزين وأنشطة الدعم للنقل,,,,,,,,,6
,مكتب محافظة الجبيل,الصحة البشرية,,,,,,,,,11
,مكتب محافظة الجبيل,النقل البري و النقل عبر الأنابيب,,,,,,,,,1
,مكتب محافظة الجبيل,النقل الجوي,,,,,,,,,3
,مكتب محافظة الجبيل,النقل المائي,,,,,,,,,1
,مكتب محافظة الجبيل,تجارة التجزئة، باستثناء المركبات ذات المحركات والدراجات النارية,,,,,,,,,16
,مكتب محافظة الجبيل,تجارة الجملة ، باستثناء المركبات ذات المحركات والدراجات النارية,,,,,,,,,19
,مكتب محافظة الجبيل,تشييد المباني,,,,,,,,,103
,مكتب محافظة الجبيل,توصيل الكهرباء والغاز والبخار وتكييف الهواء,,,,,,,,,3
,مكتب محافظة الجبيل,صناعة الآلات والمعدات غير المصنفة في موضع أخر,,,,,,,,,2
,مكتب محافظة الجبيل,صنع الحواسيب والمنتجات الإلكترونية والبصرية,,,,,,,,,2
,مكتب محافظة الجبيل,صنع الفلزات القاعدية,,,,,,,,,17
,مكتب محافظة الجبيل,صنع المعدات الكهربائية,,,,,,,,,5
,مكتب محافظة الجبيل,صنع فحم الكوك والمنتجات النفطية المكررة,,,,,,,,,1
,مكتب محافظة الجبيل,صنع منتجات المطاط واللدائن,,,,,,,,,3
,مكتب محافظة الجبيل,صنع منتجات المعادن اللافلزية الأخرى,,,,,,,,,4
,مكتب محافظة الجبيل,صنع منتجات المعادن المشكلة ( باستثناء الآلات والمعدات ),,,,,,,,,12
,مكتب محافظة الجبيل,صيد الأسماك وتربية المائيات,,,,,,,,,1
,مكتب محافظة الجبيل,صُنع الخشب ومنتجات الخشب والفلين ، باستثناء الأثاث ، صُنع أصناف من القش ومواد الضفر,,,,,,,,,1
,مكتب محافظة الجبيل,صُنع المنتجات الغذائية,,,,,,,,,3
,مكتب محافظة الجبيل,صُنع المنسوجات,,,,,,,,,1
,مكتب محافظة الجبيل,صُنع المواد الكيميائية والمنتجات الكيميائية,,,,,,,,,3
,مكتب محافظة حفر الباطن,أنشطة التشييد المتخصصة,,,,,,,,,7
,مكتب محافظة حفر الباطن,أنشطة الخدمات الشخصية الأخرى,,,,,,,,,1
,مكتب محافظة حفر الباطن,أنشطة تقديم الخدمات للمباني وتجميل المواقع,,,,,,,,,3
,مكتب محافظة حفر الباطن,أنشطة خدمات الأطعمة والمشروبات,,,,,,,,,4
,مكتب محافظة حفر الباطن,أنشطة خدمات المعلومات,,,,,,,,,1
,مكتب محافظة حفر الباطن,التعليم,,,,,,,,,1
,مكتب محافظة حفر الباطن,الصحة البشرية,,,,,,,,,1
,مكتب محافظة حفر الباطن,النقل البري و النقل عبر الأنابيب,,,,,,,,,4
,مكتب محافظة حفر الباطن,النقل الجوي,,,,,,,,,1
,مكتب محافظة حفر الباطن,تجارة التجزئة، باستثناء المركبات ذات المحركات والدراجات النارية,,,,,,,,,14
,مكتب محافظة حفر الباطن,تجارة الجملة ، باستثناء المركبات ذات المحركات والدراجات النارية,,,,,,,,,9
,مكتب محافظة حفر الباطن,تجارة الجملة والتجزئة ، وإصلاح المركبات ذات المحركات والدراجات النارية,,,,,,,,,1
,مكتب محافظة حفر الباطن,تشييد المباني,,,,,,,,,28
,مكتب محافظة حفر الباطن,توصيل الكهرباء والغاز والبخار وتكييف الهواء,,,,,,,,,1
,مكتب محافظة حفر الباطن,صناعة المركبات ذات المحركات والمركبات المقطورة ونصف المقطورة,,,,,,,,,2
,مكتب محافظة حفر الباطن,صنع الفلزات القاعدية,,,,,,,,,1
,مكتب محافظة حفر الباطن,صنع المعدات الكهربائية,,,,,,,,,1
,مكتب محافظة حفر الباطن,صنع منتجات المعادن اللافلزية الأخرى,,,,,,,,,3
,مكتب محافظة حفر الباطن,صنع منتجات المعادن المشكلة ( باستثناء الآلات والمعدات ),,,,,,,,,5
,مكتب محافظة حفر الباطن,صُنع المنتجات الغذائية,,,,,,,,,2
,مكتب محافظة حفر الباطن,صُنع المنسوجات,,,,,,,,,1
,مكتب منطقة الحدود الشمالية,أنشطة الاستخدام,,,,,,,,,4
,مكتب منطقة الحدود الشمالية,أنشطة التشييد المتخصصة,,,,,,,,,1
,مكتب منطقة الحدود الشمالية,أنشطة تقديم الخدمات للمباني وتجميل المواقع,,,,,,,,,3
,مكتب منطقة الحدود الشمالية,تجارة التجزئة، باستثناء المركبات ذات المحركات والدراجات النارية,,,,,,,,,2
,مكتب منطقة الحدود الشمالية,تجارة الجملة ، باستثناء المركبات ذات المحركات والدراجات النارية,,,,,,,,,2
,مكتب منطقة الحدود الشمالية,تشييد المباني,,,,,,,,,21
,مكتب منطقة الحدود الشمالية,توصيل الكهرباء والغاز والبخار وتكييف الهواء,,,,,,,,,1
,مكتب منطقة الحدود الشمالية,صُنع المنتجات الغذائية,,,,,,,,,1
,مكتب منطقة عسير,أنشطة الاستخدام,,,,,,,,,5
,مكتب منطقة عسير,أنشطة التشييد المتخصصة,,,,,,,,,26
,مكتب منطقة عسير,أنشطة الخدمات الشخصية الأخرى,,,,,,,,,10
,مكتب منطقة عسير,أنشطة المعمارية والهندسية ، والاختبارات الفنية والتحليل,,,,,,,,,1
,مكتب منطقة عسير,أنشطة تقديم الخدمات للمباني وتجميل المواقع,,,,,,,,,25
,مكتب منطقة عسير,أنشطة خدمات الأطعمة والمشروبات,,,,,,,,,10
,مكتب منطقة عسير,أنشطة خدمات دعم التعدين,,,,,,,,,2
,مكتب منطقة عسير,أنشطة زراعة المحاصيل والإنتاج الحيواني والصيد والخدمات المتصلة,,,,,,,,,1
,مكتب منطقة عسير,إصلاح أجهزة الحاسوب والسلع الشخصية والمنزلية,,,,,,,,,1
,مكتب منطقة عسير,إصلاح وتركيب الآلات والمعدات,,,,,,,,,2
,مكتب منطقة عسير,الأنشطة الأخرى للتعدين واستغلال المحاجر,,,,,,,,,1
,مكتب منطقة عسير,الأنشطة الإيجارية,,,,,,,,,3
,مكتب منطقة عسير,الأنشطة المهنية والعلمية والتقنية الأخرى,,,,,,,,,1
,مكتب منطقة عسير,الإدارة العامة والدفاع ؛ والضمان الاجتماعي الإلزامي,,,,,,,,,3
,مكتب منطقة عسير,الإقامة,,,,,,,,,1
,مكتب منطقة عسير,التخزين وأنشطة الدعم للنقل,,,,,,,,,2
,مكتب منطقة عسير,الصحة البشرية,,,,,,,,,13
,مكتب منطقة عسير,الصناعة التحويلية الأخرى,,,,,,,,,1
,مكتب منطقة عسير,النقل البري و النقل عبر الأنابيب,,,,,,,,,3
,مكتب منطقة عسير,النقل الجوي,,,,,,,,,2
,مكتب منطقة عسير,تجارة التجزئة، باستثناء المركبات ذات المحركات والدراجات النارية,,,,,,,,,26
,مكتب منطقة عسير,تجارة الجملة ، باستثناء المركبات ذات المحركات والدراجات النارية,,,,,,,,,51
,مكتب منطقة عسير,تجارة الجملة والتجزئة ، وإصلاح المركبات ذات المحركات والدراجات النارية,,,,,,,,,19
,مكتب منطقة عسير,تجميع المياه ومعالجتها وتوصيلها,,,,,,,,,4
,مكتب منطقة عسير,تشييد المباني,,,,,,,,,161
,مكتب منطقة عسير,توصيل الكهرباء والغاز والبخار وتكييف الهواء,,,,,,,,,4
,مكتب منطقة عسير,صناعة المركبات ذات المحركات والمركبات المقطورة ونصف المقطورة,,,,,,,,,3
,مكتب منطقة عسير,صنع الأثاث,,,,,,,,,2
,مكتب منطقة عسير,صنع الفلزات القاعدية,,,,,,,,,1
,مكتب منطقة عسير,صنع المعدات الكهربائية,,,,,,,,,1
,مكتب منطقة عسير,صنع منتجات المطاط واللدائن,,,,,,,,,5
,مكتب منطقة عسير,صنع منتجات المعادن اللافلزية الأخرى,,,,,,,,,18
,مكتب منطقة عسير,صنع منتجات المعادن المشكلة ( باستثناء الآلات والمعدات ),,,,,,,,,5
,مكتب منطقة عسير,صُنع الخشب ومنتجات الخشب والفلين ، باستثناء الأثاث ، صُنع أصناف من القش ومواد الضفر,,,,,,,,,3
,مكتب منطقة عسير,صُنع الملبوسات,,,,,,,,,1
,مكتب منطقة عسير,صُنع المنتجات الغذائية,,,,,,,,,10
,مكتب منطقة عسير,صُنع المواد الكيميائية والمنتجات الكيميائية,,,,,,,,,1
,مكتب منطقة عسير,صُنع الورق ومنتجات الورق,,,,,,,,,1
,مكتب منطقة جازان,أنشطة الاستخدام,,,,,,,,,8
,مكتب منطقة جازان,أنشطة التشييد المتخصصة,,,,,,,,,10
,مكتب منطقة جازان,أنشطة الخدمات الشخصية الأخرى,,,,,,,,,2
,مكتب منطقة جازان,أنشطة المعمارية والهندسية ، والاختبارات الفنية والتحليل,,,,,,,,,14
,مكتب منطقة جازان,أنشطة النشر,,,,,,,,,1
,مكتب منطقة جازان,أنشطة تقديم الخدمات للمباني وتجميل المواقع,,,,,,,,,7
,مكتب منطقة جازان,أنشطة خدمات الأطعمة والمشروبات,,,,,,,,,1
,مكتب منطقة جازان,أنشطة خدمات دعم التعدين,,,,,,,,,1
,مكتب منطقة جازان,أنشطة زراعة المحاصيل والإنتاج الحيواني والصيد والخدمات المتصلة,,,,,,,,,2
,مكتب منطقة جازان,الأنشطة الإيجارية,,,,,,,,,1
,مكتب منطقة جازان,الصحة البشرية,,,,,,,,,1
,مكتب منطقة جازان,النقل الجوي,,,,,,,,,2
,مكتب منطقة جازان,النقل المائي,,,,,,,,,1
,مكتب منطقة جازان,تجارة التجزئة، باستثناء المركبات ذات المحركات والدراجات النارية,,,,,,,,,20
,مكتب منطقة جازان,تجارة الجملة ، باستثناء المركبات ذات المحركات والدراجات النارية,,,,,,,,,4
,مكتب منطقة جازان,تجارة الجملة والتجزئة ، وإصلاح المركبات ذات المحركات والدراجات النارية,,,,,,,,,3
,مكتب منطقة جازان,تشييد المباني,,,,,,,,,97
,مكتب منطقة جازان,توصيل الكهرباء والغاز والبخار وتكييف الهواء,,,,,,,,,1
,مكتب منطقة جازان,صناعة المركبات ذات المحركات والمركبات المقطورة ونصف المقطورة,,,,,,,,,4
,مكتب منطقة جازان,صنع منتجات المعادن اللافلزية الأخرى,,,,,,,,,8
,مكتب منطقة جازان,صيد الأسماك وتربية المائيات,,,,,,,,,3
,مكتب منطقة جازان,صُنع الخشب ومنتجات الخشب والفلين ، باستثناء الأثاث ، صُنع أصناف من القش ومواد الضفر,,,,,,,,,1
,مكتب منطقة جازان,صُنع المنتجات الغذائية,,,,,,,,,3
,مكتب منطقة جازان,صُنع الورق ومنتجات الورق,,,,,,,,,1
,مكتب منطقة الباحة,أنشطة الاستخدام,,,,,,,,,1
,مكتب منطقة الباحة,أنشطة التشييد المتخصصة,,,,,,,,,5
,مكتب منطقة الباحة,أنشطة المعمارية والهندسية ، والاختبارات الفنية والتحليل,,,,,,,,,3
,مكتب منطقة الباحة,أنشطة تقديم الخدمات للمباني وتجميل المواقع,,,,,,,,,5
,مكتب منطقة الباحة,أنشطة خدمات الأطعمة والمشروبات,,,,,,,,,2
,مكتب منطقة الباحة,إصلاح أجهزة الحاسوب والسلع الشخصية والمنزلية,,,,,,,,,1
,مكتب منطقة الباحة,التخزين وأنشطة الدعم للنقل,,,,,,,,,1
,مكتب منطقة الباحة,الصحة البشرية,,,,,,,,,1
,مكتب منطقة الباحة,الهندسة المدنية,,,,,,,,,1
,مكتب منطقة الباحة,تجارة التجزئة، باستثناء المركبات ذات المحركات والدراجات النارية,,,,,,,,,9
,مكتب منطقة الباحة,تجارة الجملة ، باستثناء المركبات ذات المحركات والدراجات النارية,,,,,,,,,14
,مكتب منطقة الباحة,تجارة الجملة والتجزئة ، وإصلاح المركبات ذات المحركات والدراجات النارية,,,,,,,,,2
,مكتب منطقة الباحة,تشييد المباني,,,,,,,,,18
,مكتب منطقة الباحة,صناعة الآلات والمعدات غير المصنفة في موضع أخر,,,,,,,,,1
,مكتب منطقة الباحة,صنع منتجات المعادن المشكلة ( باستثناء الآلات والمعدات ),,,,,,,,,1
,مكتب منطقة الباحة,صُنع الخشب ومنتجات الخشب والفلين ، باستثناء الأثاث ، صُنع أصناف من القش ومواد الضفر,,,,,,,,,1
,مكتب منطقة الباحة,صُنع المنتجات الغذائية,,,,,,,,,1
,مكتب منطقة نجران,أنشطة التشييد المتخصصة,,,,,,,,,4
,مكتب منطقة نجران,أنشطة الخدمات الشخصية الأخرى,,,,,,,,,2
,مكتب منطقة نجران,أنشطة الخدمات المالية ، فيما عدا تمويل التأمين وصناديق المعاشات,,,,,,,,,1
,مكتب منطقة نجران,أنشطة تقديم الخدمات للمباني وتجميل المواقع,,,,,,,,,6
,مكتب منطقة نجران,الأنشطة الإيجارية,,,,,,,,,3
,مكتب منطقة نجران,الإدارة العامة والدفاع ؛ والضمان الاجتماعي الإلزامي,,,,,,,,,1
,مكتب منطقة نجران,الصحة البشرية,,,,,,,,,1
,مكتب منطقة نجران,النقل البري و النقل عبر الأنابيب,,,,,,,,,1
,مكتب منطقة نجران,النقل الجوي,,,,,,,,,1
,مكتب منطقة نجران,تجارة التجزئة، باستثناء المركبات ذات المحركات والدراجات النارية,,,,,,,,,4
,مكتب منطقة نجران,تجارة الجملة ، باستثناء المركبات ذات المحركات والدراجات النارية,,,,,,,,,4
,مكتب منطقة نجران,تجارة الجملة والتجزئة ، وإصلاح المركبات ذات المحركات والدراجات النارية,,,,,,,,,2
,مكتب منطقة نجران,تجميع المياه ومعالجتها وتوصيلها,,,,,,,,,1
,مكتب منطقة نجران,تشييد المباني,,,,,,,,,33
,مكتب منطقة نجران,صنع المعدات الكهربائية,,,,,,,,,1
,مكتب منطقة نجران,صنع منتجات المعادن اللافلزية الأخرى,,,,,,,,,4
,مكتب منطقة نجران,صُنع المنتجات الغذائية,,,,,,,,,1
,مكتب محافظة بيشة,أنشطة التشييد المتخصصة,,,,,,,,,1
,مكتب محافظة بيشة,أنشطة تقديم الخدمات للمباني وتجميل المواقع,,,,,,,,,1
,مكتب محافظة بيشة,أنشطة خدمات الأطعمة والمشروبات,,,,,,,,,3
,مكتب محافظة بيشة,الاتصالات,,,,,,,,,1
,مكتب محافظة بيشة,تجارة التجزئة، باستثناء المركبات ذات المحركات والدراجات النارية,,,,,,,,,2
,مكتب محافظة بيشة,تشييد المباني,,,,,,,,,8
,مكتب محافظة بيشة,صناعة الآلات والمعدات غير المصنفة في موضع أخر,,,,,,,,,1
,مكتب محافظة بيشة,صنع منتجات المعادن اللافلزية الأخرى,,,,,,,,,1
,مكتب محافظة بيشة,صُنع المنتجات الغذائية,,,,,,,,,1
,مكتب محافظة الدوادمي,أنشطة البرمجة الحاسوبية والخبرة الاستشارية وما يتصل بها من أنشطة,,,,,,,,,1
,مكتب محافظة الدوادمي,تجارة الجملة ، باستثناء المركبات ذات المحركات والدراجات النارية,,,,,,,,,3
,مكتب محافظة الدوادمي,تشييد المباني,,,,,,,,,1
,مكتب محافظة الدوادمي,صنع الفلزات القاعدية,,,,,,,,,1
,;;;,,,,,,,,,,
,الاربعاء 14-08-1441 Wednesday 08-04-2020 10:04 AM,,,,,,,,,,
,,,,,,,,,,,
,في حال الحاجة للاستفسار يرجى التواصل مع إدارة البحوث والدراسات,,,,,research@gosi.gov.sa,,,,,
,,,,,,,,,,,
*,الإصابة : الحادث الذي يقع أثناء العمل أو بسببه,,,,,,,,,,
